packet,device,operation,datetime,unk1,F,clock,A,lat,N,lon,E,pitch,heading
1,imei:864895033864933,tracker,220327232906,,F,212906.00,A,4035.93513,N,02257.60784,E,,
2,imei:864895033864933,tracker,220331095056,,F,075056.00,A,4033.46205,N,02301.32756,E,,
3,imei:864895033864933,tracker,220331142611,,F,122611.00,A,4033.46322,N,02301.32847,E,0.101,0
4,imei:864895033864933,tracker,220331142626,,F,122626.00,A,4033.46398,N,02301.32785,E,0.059,0
6,imei:864895033864933,tracker,220331142641,,F,122641.00,A,4033.46424,N,02301.32791,E,0.053,0
7,imei:864895033864933,tracker,220331142656,,F,122656.00,A,4033.46493,N,02301.32793,E,0.682,0
8,imei:864895033864933,acc on,220404131632,,F,111632.00,A,4033.45475,N,02301.32788,E,0.112,0
9,imei:864895033864933,tracker,220331142711,,F,122711.00,A,4033.47815,N,02301.33503,E,7.378,18.94
10,imei:864895033864933,tracker,220331142803,,F,122803.00,A,4033.45322,N,02301.21625,E,19.558,209.08
11,imei:864895033864933,tracker,220404131645,,F,111645.00,A,4033.45449,N,02301.32795,E,0.087,0
12,imei:864895033864933,tracker,220331142818,,F,122818.00,A,4033.34900,N,02301.15408,E,27.219,197.46
13,imei:864895033864933,tracker,220331142833,,F,122833.00,A,4033.27993,N,02301.12784,E,0.019,0
14,imei:864895033864933,tracker,220331142848,,F,122848.00,A,4033.24163,N,02301.11362,E,20.608,195.95
15,imei:864895033864933,tracker,220404131700,,F,111700.00,A,4033.45422,N,02301.32861,E,0.017,0
16,imei:864895033864933,tracker,220331142903,,F,122903.00,A,4033.18632,N,02301.04716,E,5.891,244.11
17,imei:864895033864933,tracker,220331142918,,F,122918.00,A,4033.16768,N,02301.01278,E,16.673,228.29
18,imei:864895033864933,tracker,220331142933,,F,122933.00,A,4033.11048,N,02300.89841,E,27.309,237.63
19,imei:864895033864933,tracker,220404131715,,F,111715.00,A,4033.45333,N,02301.32824,E,1.569,117.69
20,imei:864895033864933,tracker,220331142948,,F,122948.00,A,4033.03776,N,02300.78328,E,27.951,224.12
21,imei:864895033864933,tracker,220404131716,,F,111716.00,A,4033.45390,N,02301.32883,E,2.978,48.98
22,imei:864895033864933,tracker,220331143003,,F,123003.00,A,4032.96016,N,02300.69668,E,15.344,220.10
24,imei:864895033864933,tracker,220404131725,,F,111725.00,A,4033.47571,N,02301.33783,E,4.496,351.73
25,imei:864895033864933,tracker,220331143018,,F,123018.00,A,4032.93764,N,02300.66853,E,12.526,207.65
26,imei:864895033864933,tracker,220404131727,,F,111727.00,A,4033.47743,N,02301.33425,E,6.953,312.14
27,imei:864895033864933,tracker,220404131730,,F,111730.00,A,4033.47934,N,02301.32659,E,6.915,286.90
28,imei:864895033864933,tracker,220331143112,,F,123112.00,A,4032.67344,N,02300.38294,E,23.696,219.56
29,imei:864895033864933,tracker,220404131733,,F,111733.00,A,4033.47762,N,02301.32077,E,6.105,231.71
30,imei:864895033864933,tracker,220331143127,,F,123127.00,A,4032.67802,N,02300.34297,E,17.017,333.61
31,imei:864895033864933,tracker,220331143142,,F,123142.00,A,4032.76416,N,02300.28647,E,27.379,332.83
32,imei:864895033864933,tracker,220404131745,,F,111745.00,A,4033.45022,N,02301.30917,E,6.110,195.09
33,imei:864895033864933,tracker,220331143157,,F,123157.00,A,4032.85458,N,02300.22443,E,16.029,335.76
34,imei:864895033864933,tracker,220404131747,,F,111747.00,A,4033.44835,N,02301.30674,E,6.373,225.23
35,imei:864895033864933,tracker,220404131749,,F,111749.00,A,4033.44866,N,02301.30145,E,8.857,276.03
36,imei:864895033864933,tracker,220331143212,,F,123212.00,A,4032.86402,N,02300.21440,E,0.022,0
37,imei:864895033864933,tracker,220331143227,,F,123227.00,A,4032.88308,N,02300.19462,E,26.679,332.19
38,imei:864895033864933,tracker,220404131800,,F,111800.00,A,4033.46454,N,02301.23780,E,7.802,287.17
39,imei:864895033864933,tracker,220331143242,,F,123242.00,A,4033.01093,N,02300.09989,E,48.586,330.02
40,imei:864895033864933,tracker,220331143257,,F,123257.00,A,4033.21564,N,02259.92605,E,64.891,326.30
41,imei:864895033864933,tracker,220331143312,,F,123312.00,A,4033.43993,N,02259.73166,E,64.516,326.56
42,imei:864895033864933,tracker,220404131814,,F,111814.00,A,4033.46589,N,02301.23168,E,8.737,263.08
43,imei:864895033864933,tracker,220404131815,,F,111815.00,A,4033.46406,N,02301.22836,E,12.905,234.24
44,imei:864895033864933,tracker,220331143410,,F,123410.00,A,4034.29326,N,02259.08492,E,49.643,334.76
45,imei:864895033864933,tracker,220404131816,,F,111816.00,A,4033.46088,N,02301.22503,E,15.525,216.76
46,imei:864895033864933,tracker,220331143425,,F,123425.00,A,4034.44031,N,02258.99019,E,23.527,334.72
48,imei:864895033864933,tracker,220331143440,,F,123440.00,A,4034.51661,N,02258.94795,E,6.086,358.77
49,imei:864895033864933,tracker,220404131830,,F,111830.00,A,4033.34556,N,02301.15336,E,36.980,198.06
50,imei:864895033864933,tracker,220331143455,,F,123455.00,A,4034.59467,N,02258.90334,E,26.322,333.96
51,imei:864895033864933,tracker,220331143510,,F,123510.00,A,4034.68205,N,02258.83975,E,18.665,328.38
52,imei:864895033864933,tracker,220331143525,,F,123525.00,A,4034.74288,N,02258.79013,E,2.280,322.58
53,imei:864895033864933,tracker,220404131845,,F,111845.00,A,4033.21353,N,02301.09878,E,25.281,219.47
54,imei:864895033864933,tracker,220331143540,,F,123540.00,A,4034.71738,N,02258.76565,E,1.942,230.15
55,imei:864895033864933,tracker,220331143555,,F,123555.00,A,4034.75788,N,02258.68278,E,32.564,290.93
56,imei:864895033864933,tracker,220404131854,,F,111854.00,A,4033.18458,N,02301.03433,E,16.561,274.39
57,imei:864895033864933,tracker,220331143610,,F,123610.00,A,4034.78256,N,02258.50051,E,33.280,244.01
58,imei:864895033864933,tracker,220404131856,,F,111856.00,A,4033.18832,N,02301.02095,E,23.270,301.13
59,imei:864895033864933,tracker,220404131900,,F,111900.00,A,4033.21122,N,02300.98695,E,34.505,313.18
60,imei:864895033864933,tracker,220331143625,,F,123625.00,A,4034.69397,N,02258.39717,E,18.818,187.67
61,imei:864895033864933,tracker,220331143719,,F,123719.00,A,4034.62938,N,02258.25745,E,0.035,0
62,imei:864895033864933,tracker,220331143734,,F,123734.00,A,4034.62926,N,02258.25775,E,0.032,0
63,imei:864895033864933,tracker,220404131915,,F,111915.00,A,4033.32501,N,02300.84040,E,38.972,315.98
64,imei:864895033864933,tracker,220331143749,,F,123749.00,A,4034.62904,N,02258.25788,E,0.005,0
65,imei:864895033864933,tracker,220331143804,,F,123804.00,A,4034.62206,N,02258.24767,E,10.026,228.53
67,imei:864895033864933,tracker,220331143819,,F,123819.00,A,4034.60177,N,02258.21676,E,0.100,0
68,imei:864895033864933,tracker,220404131930,,F,111930.00,A,4033.42141,N,02300.71822,E,25.723,315.49
69,imei:864895033864933,tracker,220331143834,,F,123834.00,A,4034.60150,N,02258.21682,E,0.026,0
70,imei:864895033864933,tracker,220331143849,,F,123849.00,A,4034.60136,N,02258.21709,E,0.058,0
71,imei:864895033864933,tracker,220331143904,,F,123904.00,A,4034.60123,N,02258.21733,E,0.012,0
72,imei:864895033864933,tracker,220404131945,,F,111945.00,A,4033.50412,N,02300.58966,E,31.497,304.87
73,imei:864895033864933,tracker,220331143919,,F,123919.00,A,4034.60127,N,02258.21737,E,0.070,0
74,imei:864895033864933,tracker,220331144017,,F,124017.00,A,4034.56304,N,02257.99590,E,17.192,315.31
75,imei:864895033864933,tracker,220331144032,,F,124032.00,A,4034.61889,N,02257.91343,E,17.351,307.54
76,imei:864895033864933,tracker,220404132000,,F,112000.00,A,4033.58366,N,02300.43834,E,33.881,304.64
77,imei:864895033864933,tracker,220331144047,,F,124047.00,A,4034.63250,N,02257.88799,E,0.323,0
78,imei:864895033864933,tracker,220331144102,,F,124102.00,A,4034.63799,N,02257.87676,E,12.958,303.42
79,imei:864895033864933,tracker,220331144117,,F,124117.00,A,4034.60062,N,02257.83354,E,12.030,200.42
80,imei:864895033864933,tracker,220404132015,,F,112015.00,A,4033.66421,N,02300.28613,E,30.331,304.95
81,imei:864895033864933,tracker,220331144132,,F,124132.00,A,4034.56481,N,02257.81806,E,14.996,198.39
82,imei:864895033864933,tracker,220331144147,,F,124147.00,A,4034.49950,N,02257.79021,E,14.689,196.43
84,imei:864895033864933,tracker,220331144203,,F,124203.00,A,4034.46826,N,02257.77542,E,0.036,0
85,imei:864895033864933,tracker,220404132030,,F,112030.00,A,4033.72480,N,02300.17071,E,17.735,306.34
86,imei:864895033864933,tracker,220331144218,,F,124218.00,A,4034.46726,N,02257.77469,E,0.020,0
87,imei:864895033864933,tracker,220331144233,,F,124233.00,A,4034.46679,N,02257.77415,E,0.046,0
88,imei:864895033864933,tracker,220331144327,,F,124327.00,A,4034.34444,N,02257.54972,E,28.736,318.82
89,imei:864895033864933,tracker,220404132045,,F,112045.00,A,4033.75099,N,02300.13729,E,16.516,325.32
90,imei:864895033864933,tracker,220331144342,,F,124342.00,A,4034.39953,N,02257.46352,E,17.000,306.03
91,imei:864895033864933,tracker,220331144357,,F,124357.00,A,4034.42133,N,02257.41104,E,4.281,297.64
92,imei:864895033864933,tracker,220331144412,,F,124412.00,A,4034.44894,N,02257.34965,E,17.680,301.15
93,imei:864895033864933,tracker,220404132100,,F,112100.00,A,4033.78029,N,02300.11947,E,23.798,340.68
94,imei:864895033864933,tracker,220331144427,,F,124427.00,A,4034.45821,N,02257.29753,E,8.333,212.18
95,imei:864895033864933,tracker,220331144442,,F,124442.00,A,4034.43191,N,02257.27683,E,12.205,210.49
96,imei:864895033864933,tracker,220331144457,,F,124457.00,A,4034.41328,N,02257.23852,E,20.795,309.29
97,imei:864895033864933,tracker,220404132115,,F,112115.00,A,4033.86008,N,02300.06827,E,1.224,319.51
98,imei:864895033864933,tracker,220331144512,,F,124512.00,A,4034.45690,N,02257.16609,E,9.926,306.61
99,imei:864895033864933,tracker,220331144527,,F,124527.00,A,4034.51207,N,02257.07939,E,27.323,306.35
101,imei:864895033864933,tracker,220331144625,,F,124625.00,A,4034.60295,N,02256.92643,E,8.819,287.82
102,imei:864895033864933,tracker,220404132130,,F,112130.00,A,4033.86003,N,02300.06745,E,0.031,0
103,imei:864895033864933,tracker,220331144640,,F,124640.00,A,4034.60307,N,02256.92593,E,0.095,0
104,imei:864895033864933,tracker,220331144705,,F,124705.00,A,4034.60398,N,02256.92587,E,0.018,0
105,imei:864895033864933,tracker,220331145137,,F,125137.00,A,4034.60286,N,02256.92534,E,0.012,0
106,imei:864895033864933,tracker,220404132145,,F,112145.00,A,4033.88187,N,02300.03492,E,11.402,305.55
107,imei:864895033864933,tracker,220331145232,,F,125232.00,A,4034.54932,N,02256.85696,E,0.015,0
108,imei:864895033864933,tracker,220331145247,,F,125247.00,A,4034.52174,N,02256.87740,E,18.391,127.75
109,imei:864895033864933,tracker,220331145302,,F,125302.00,A,4034.46543,N,02256.96811,E,22.283,128.99
110,imei:864895033864933,tracker,220404132200,,F,112200.00,A,4033.88996,N,02300.02005,E,0.005,0
111,imei:864895033864933,tracker,220331145317,,F,125317.00,A,4034.40653,N,02257.06184,E,22.442,130.44
112,imei:864895033864933,tracker,220331145332,,F,125332.00,A,4034.34672,N,02257.15593,E,16.405,131.18
113,imei:864895033864933,tracker,220331145347,,F,125347.00,A,4034.33568,N,02257.17323,E,0.048,0
114,imei:864895033864933,tracker,220404132215,,F,112215.00,A,4033.91794,N,02259.96062,E,22.563,301.64
115,imei:864895033864933,tracker,220331145402,,F,125402.00,A,4034.33576,N,02257.17358,E,0.159,0
116,imei:864895033864933,tracker,220331145417,,F,125417.00,A,4034.33602,N,02257.17368,E,0.272,0
118,imei:864895033864933,tracker,220331145432,,F,125432.00,A,4034.29774,N,02257.22824,E,18.692,141.64
119,imei:864895033864933,tracker,220404132230,,F,112230.00,A,4033.95209,N,02259.89324,E,7.866,307.57
120,imei:864895033864933,tracker,220331145447,,F,125447.00,A,4034.22434,N,02257.29113,E,16.936,149.91
121,imei:864895033864933,tracker,220331145541,,F,125541.00,A,4034.18024,N,02257.39796,E,0.212,0
122,imei:864895033864933,tracker,220331145556,,F,125556.00,A,4034.17925,N,02257.39904,E,0.097,0
123,imei:864895033864933,tracker,220404132245,,F,112245.00,A,4033.98649,N,02259.85396,E,8.276,323.27
124,imei:864895033864933,tracker,220331162120,,F,142120.00,A,4034.17193,N,02257.41313,E,0.000,0
125,imei:864895033864933,tracker,220331162135,,F,142135.00,A,4034.17193,N,02257.41313,E,0.000,0
126,imei:864895033864933,tracker,220331162150,,F,142150.00,A,4034.17193,N,02257.41313,E,0.000,0
127,imei:864895033864933,tracker,220404132300,,F,112300.00,A,4033.99045,N,02259.85057,E,0.072,0
128,imei:864895033864933,tracker,220331162205,,F,142205.00,A,4034.15779,N,02257.42170,E,11.310,139.87
129,imei:864895033864933,tracker,220331162220,,F,142220.00,A,4034.13564,N,02257.39853,E,11.271,236.83
130,imei:864895033864933,tracker,220331162235,,F,142235.00,A,4034.16578,N,02257.33792,E,22.876,324.08
131,imei:864895033864933,tracker,220404132315,,F,112315.00,A,4034.03291,N,02259.81053,E,11.323,324.17
132,imei:864895033864933,tracker,220331162250,,F,142250.00,A,4034.26706,N,02257.26105,E,26.301,328.12
133,imei:864895033864933,tracker,220331162305,,F,142305.00,A,4034.33432,N,02257.18230,E,17.604,308.94
135,imei:864895033864933,tracker,220331162320,,F,142320.00,A,4034.39106,N,02257.09179,E,23.969,308.52
136,imei:864895033864933,tracker,220404132330,,F,112330.00,A,4034.05727,N,02259.78761,E,16.537,323.96
137,imei:864895033864933,tracker,220331162418,,F,142418.00,A,4034.66969,N,02256.64677,E,29.395,308.38
138,imei:864895033864933,tracker,220331162433,,F,142433.00,A,4034.74311,N,02256.52440,E,28.596,305.73
139,imei:864895033864933,tracker,220331162448,,F,142448.00,A,4034.80020,N,02256.36937,E,34.804,295.94
140,imei:864895033864933,tracker,220404132345,,F,112345.00,A,4034.17014,N,02259.68013,E,36.411,323.81
141,imei:864895033864933,tracker,220331162503,,F,142503.00,A,4034.89516,N,02256.23911,E,35.042,337.44
142,imei:864895033864933,tracker,220331162518,,F,142518.00,A,4035.03617,N,02256.23308,E,34.752,10.46
143,imei:864895033864933,tracker,220331162533,,F,142533.00,A,4035.14125,N,02256.34787,E,32.744,57.03
144,imei:864895033864933,tracker,220404132400,,F,112400.00,A,4034.29471,N,02259.56217,E,37.084,323.97
145,imei:864895033864933,tracker,220331162548,,F,142548.00,A,4035.20680,N,02256.49526,E,30.549,46.02
146,imei:864895033864933,tracker,220331162603,,F,142603.00,A,4035.25391,N,02256.58665,E,14.371,135.43
147,imei:864895033864933,tracker,220331162618,,F,142618.00,A,4035.23173,N,02256.61355,E,2.071,136.73
148,imei:864895033864933,tracker,220404132415,,F,112415.00,A,4034.39159,N,02259.46969,E,21.482,325.46
149,imei:864895033864933,tracker,220331162633,,F,142633.00,A,4035.24098,N,02256.66565,E,17.359,47.26
150,imei:864895033864933,tracker,220331162727,,F,142727.00,A,4035.42082,N,02256.90511,E,12.006,47.17
152,imei:864895033864933,tracker,220331162742,,F,142742.00,A,4035.45908,N,02256.96121,E,15.195,48.85
153,imei:864895033864933,tracker,220404132430,,F,112430.00,A,4034.46351,N,02259.40528,E,19.243,324.14
154,imei:864895033864933,tracker,220331162757,,F,142757.00,A,4035.50616,N,02257.03350,E,17.623,50.74
155,imei:864895033864933,tracker,220331162812,,F,142812.00,A,4035.56094,N,02257.11039,E,15.477,47.73
156,imei:864895033864933,tracker,220331162827,,F,142827.00,A,4035.58889,N,02257.14224,E,0.213,0
157,imei:864895033864933,tracker,220404132445,,F,112445.00,A,4034.51180,N,02259.35505,E,8.007,320.83
158,imei:864895033864933,tracker,220331162842,,F,142842.00,A,4035.59097,N,02257.14320,E,0.108,0
159,imei:864895033864933,tracker,220331162857,,F,142857.00,A,4035.59523,N,02257.19215,E,9.325,82.50
160,imei:864895033864933,tracker,220331162912,,F,142912.00,A,4035.59731,N,02257.20211,E,0.014,0
161,imei:864895033864933,tracker,220404132500,,F,112500.00,A,4034.51426,N,02259.35264,E,0.008,0
162,imei:864895033864933,tracker,220331162927,,F,142927.00,A,4035.59872,N,02257.20263,E,0.030,0
163,imei:864895033864933,tracker,220331163025,,F,143025.00,A,4035.61422,N,02257.30727,E,11.244,356.20
164,imei:864895033864933,tracker,220331163040,,F,143040.00,A,4035.65077,N,02257.34250,E,4.540,46.09
165,imei:864895033864933,tracker,220404132515,,F,112515.00,A,4034.51451,N,02259.35258,E,0.014,0
166,imei:864895033864933,tracker,220331163055,,F,143055.00,A,4035.65514,N,02257.34510,E,0.043,0
167,imei:864895033864933,tracker,220331163110,,F,143110.00,A,4035.65598,N,02257.34608,E,0.778,0
169,imei:864895033864933,tracker,220331163125,,F,143125.00,A,4035.69090,N,02257.40004,E,19.493,46.19
170,imei:864895033864933,tracker,220404132530,,F,112530.00,A,4034.51465,N,02259.35211,E,2.413,319.26
171,imei:864895033864933,tracker,220331163140,,F,143140.00,A,4035.73115,N,02257.45828,E,1.251,0
172,imei:864895033864933,tracker,220331163155,,F,143155.00,A,4035.74023,N,02257.47175,E,12.369,45.48
173,imei:864895033864933,tracker,220331163210,,F,143210.00,A,4035.78375,N,02257.54049,E,19.245,48.58
174,imei:864895033864933,tracker,220404132545,,F,112545.00,A,4034.57526,N,02259.29077,E,23.475,322.73
175,imei:864895033864933,tracker,220331163225,,F,143225.00,A,4035.83458,N,02257.60255,E,10.246,31.61
176,imei:864895033864933,tracker,220331163240,,F,143240.00,A,4035.87777,N,02257.60948,E,13.195,346.54
177,imei:864895033864933,tracker,220331163334,,F,143334.00,A,4035.91681,N,02257.60689,E,1.566,338.71
178,imei:864895033864933,tracker,220404132600,,F,112600.00,A,4034.64875,N,02259.21868,E,19.560,323.35
179,imei:864895033864933,tracker,220331163349,,F,143349.00,A,4035.95886,N,02257.59170,E,7.936,342.60
180,imei:864895033864933,tracker,220331163404,,F,143404.00,A,4035.99942,N,02257.58232,E,10.713,43.03
181,imei:864895033864933,tracker,220331163419,,F,143419.00,A,4036.01813,N,02257.64192,E,9.786,78.35
182,imei:864895033864933,tracker,220404132615,,F,112615.00,A,4034.73432,N,02259.13027,E,30.013,320.56
183,imei:864895033864933,tracker,220331163434,,F,143434.00,A,4035.98338,N,02257.66178,E,6.634,164.44
184,imei:864895033864933,tracker,220331163449,,F,143449.00,A,4035.98065,N,02257.63501,E,9.682,283.06
186,imei:864895033864933,tracker,220331163504,,F,143504.00,A,4035.99386,N,02257.61918,E,9.737,333.47
187,imei:864895033864933,tracker,220404132630,,F,112630.00,A,4034.85016,N,02259.04604,E,32.938,333.18
188,imei:864895033864933,tracker,220331163519,,F,143519.00,A,4036.00599,N,02257.61131,E,3.407,359.28
189,imei:864895033864933,tracker,220331163534,,F,143534.00,A,4036.01289,N,02257.65460,E,7.656,149.10
190,imei:864895033864933,tracker,220331163632,,F,143632.00,A,4035.96678,N,02257.58537,E,0.015,0
191,imei:864895033864933,tracker,220404132645,,F,112645.00,A,4034.96552,N,02258.97467,E,27.598,343.28
192,imei:864895033864933,tracker,220331163647,,F,143647.00,A,4035.96630,N,02257.58417,E,0.321,0
193,imei:864895033864933,tracker,220331163702,,F,143702.00,A,4036.00195,N,02257.58431,E,10.578,65.53
194,imei:864895033864933,tracker,220331163717,,F,143717.00,A,4036.01324,N,02257.61365,E,1.152,0
195,imei:864895033864933,tracker,220404132700,,F,112700.00,A,4035.07296,N,02258.92494,E,27.009,337.41
196,imei:864895033864933,tracker,220331163732,,F,143732.00,A,4036.01363,N,02257.61535,E,0.240,0
197,imei:864895033864933,tracker,220331163747,,F,143747.00,A,4036.01334,N,02257.61618,E,0.163,0
198,imei:864895033864933,tracker,220331163802,,F,143802.00,A,4036.01498,N,02257.61819,E,0.113,0
199,imei:864895033864933,tracker,220404132715,,F,112715.00,A,4035.17764,N,02258.90119,E,23.151,352.63
200,imei:864895033864933,tracker,220331222110,,F,202110.00,A,4036.01686,N,02257.61627,E,,
201,imei:864895033864933,tracker,220401091039,,F,071039.00,A,4036.01220,N,02257.61635,E,0.111,0
202,imei:864895033864933,tracker,220404132722,,F,112722.00,A,4035.21622,N,02258.89219,E,15.952,320.90
204,imei:864895033864933,tracker,220404132724,,F,112724.00,A,4035.21814,N,02258.88130,E,16.820,259.80
205,imei:864895033864933,tracker,220401091054,,F,071054.00,A,4036.01291,N,02257.61708,E,0.332,0
206,imei:864895033864933,tracker,220404132730,,F,112730.00,A,4035.19846,N,02258.83957,E,23.793,236.38
207,imei:864895033864933,tracker,220401091148,,F,071148.00,A,4036.00872,N,02257.62018,E,7.237,59.43
208,imei:864895033864933,tracker,220401091203,,F,071203.00,A,4036.00753,N,02257.65444,E,7.719,163.73
209,imei:864895033864933,tracker,220401091218,,F,071218.00,A,4035.97221,N,02257.66743,E,8.968,163.07
210,imei:864895033864933,tracker,220404132745,,F,112745.00,A,4035.14232,N,02258.71255,E,26.714,244.13
211,imei:864895033864933,tracker,220401091233,,F,071233.00,A,4035.95111,N,02257.68229,E,4.039,119.74
212,imei:864895033864933,tracker,220401091248,,F,071248.00,A,4035.96363,N,02257.74823,E,15.011,73.71
213,imei:864895033864933,tracker,220401091303,,F,071303.00,A,4035.97853,N,02257.81818,E,16.306,74.67
214,imei:864895033864933,tracker,220404132800,,F,112800.00,A,4035.11023,N,02258.58698,E,21.358,256.77
215,imei:864895033864933,tracker,220401091318,,F,071318.00,A,4035.98348,N,02257.84518,E,0.000,0
216,imei:864895033864933,tracker,220401091333,,F,071333.00,A,4035.98681,N,02257.85877,E,9.475,84.32
217,imei:864895033864933,tracker,220404132808,,F,112808.00,A,4035.10178,N,02258.54406,E,7.990,215.52
218,imei:864895033864933,tracker,220404132810,,F,112810.00,A,4035.09728,N,02258.54624,E,11.162,148.46
219,imei:864895033864933,tracker,220401091348,,F,071348.00,A,4035.91871,N,02257.87140,E,14.731,174.86
220,imei:864895033864933,tracker,220404132815,,F,112815.00,A,4035.08612,N,02258.55877,E,5.147,137.96
221,imei:864895033864933,tracker,220401091446,,F,071446.00,A,4035.35622,N,02258.09585,E,56.908,137.29
222,imei:864895033864933,tracker,220401091501,,F,071501.00,A,4035.19238,N,02258.29535,E,53.021,137.47
224,imei:864895033864933,tracker,220401091516,,F,071516.00,A,4035.01102,N,02258.50691,E,66.343,140.44
225,imei:864895033864933,tracker,220404132830,,F,112830.00,A,4035.07930,N,02258.56649,E,0.721,0
226,imei:864895033864933,tracker,220401091531,,F,071531.00,A,4034.78249,N,02258.72689,E,68.009,146.93
227,imei:864895033864933,tracker,220404132836,,F,112836.00,A,4035.07908,N,02258.56839,E,2.926,358.70
228,imei:864895033864933,tracker,220401091546,,F,071546.00,A,4034.54467,N,02258.90882,E,60.964,152.55
229,imei:864895033864933,tracker,220401091601,,F,071601.00,A,4034.32763,N,02259.05178,E,61.654,153.22
230,imei:864895033864933,tracker,220404132845,,F,112845.00,A,4035.08061,N,02258.56722,E,3.679,28.88
231,imei:864895033864933,tracker,220404132845,,F,112845.00,A,4035.08061,N,02258.56722,E,3.679,28.88
232,imei:864895033864933,tracker,220401091616,,F,071616.00,A,4034.08135,N,02259.21427,E,69.512,153.53
233,imei:864895033864933,tracker,220404132847,,F,112847.00,A,4035.08299,N,02258.56707,E,3.910,350.61
234,imei:864895033864933,tracker,220401091631,,F,071631.00,A,4033.84876,N,02259.37425,E,59.357,150.15
235,imei:864895033864933,acc off,220404132854,,F,112854.00,A,4035.08589,N,02258.56510,E,0.134,0
236,imei:864895033864933,tracker,220401091646,,F,071646.00,A,4033.63134,N,02259.55467,E,64.811,146.68
237,imei:864895033864933,tracker,220404132900,,F,112900.00,A,4035.08571,N,02258.56516,E,0.104,0
238,imei:864895033864933,tracker,220401091701,,F,071701.00,A,4033.40257,N,02259.75390,E,65.532,146.51
239,imei:864895033864933,tracker,220401091755,,F,071755.00,A,4032.83881,N,02300.19774,E,1.660,165.59
240,imei:864895033864933,tracker,220401091810,,F,071810.00,A,4032.82818,N,02300.19472,E,3.085,213.37
241,imei:864895033864933,tracker,220401091825,,F,071825.00,A,4032.75046,N,02300.23556,E,29.261,155.38
242,imei:864895033864933,tracker,220401091840,,F,071840.00,A,4032.63793,N,02300.30701,E,19.202,154.85
244,imei:864895033864933,tracker,220401091855,,F,071855.00,A,4032.66852,N,02300.38660,E,21.672,39.94
245,imei:864895033864933,tracker,220401091910,,F,071910.00,A,4032.75048,N,02300.47697,E,28.178,40.12
246,imei:864895033864933,tracker,220401091925,,F,071925.00,A,4032.84195,N,02300.57781,E,27.924,39.09
247,imei:864895033864933,tracker,220401091940,,F,071940.00,A,4032.92050,N,02300.66457,E,16.477,40.00
248,imei:864895033864933,tracker,220401091955,,F,071955.00,A,4032.93977,N,02300.68703,E,17.042,26.00
249,imei:864895033864933,tracker,220401092053,,F,072053.00,A,4033.16755,N,02301.04284,E,12.237,54.77
250,imei:864895033864933,tracker,220401092108,,F,072108.00,A,4033.23513,N,02301.11552,E,25.061,15.73
251,imei:864895033864933,tracker,220401092123,,F,072123.00,A,4033.34376,N,02301.15559,E,26.160,17.11
252,imei:864895033864933,tracker,220401092138,,F,072138.00,A,4033.44547,N,02301.21590,E,24.851,28.15
253,imei:864895033864933,tracker,220401092153,,F,072153.00,A,4033.44945,N,02301.29850,E,11.091,104.03
254,imei:864895033864933,tracker,220401092208,,F,072208.00,A,4033.45717,N,02301.32981,E,10.741,17.45
255,imei:864895033864933,tracker,220401092223,,F,072223.00,A,4033.46291,N,02301.33004,E,0.116,0
257,imei:864895033864933,tracker,220401092238,,F,072238.00,A,4033.46314,N,02301.32996,E,0.047,0
258,imei:864895033864933,tracker,220401141515,,F,121515.00,A,4033.46631,N,02301.32716,E,0.037,0
259,imei:864895033864933,tracker,220401141530,,F,121530.00,A,4033.46615,N,02301.32793,E,0.050,0
260,imei:864895033864933,tracker,220401141545,,F,121545.00,A,4033.46616,N,02301.32835,E,0.020,0
261,imei:864895033864933,tracker,220401141600,,F,121600.00,A,4033.46634,N,02301.32852,E,0.095,0
262,imei:864895033864933,tracker,220401141615,,F,121615.00,A,4033.46666,N,02301.32875,E,0.023,0
263,imei:864895033864933,tracker,220401141630,,F,121630.00,A,4033.46685,N,02301.32904,E,0.033,0
264,imei:864895033864933,tracker,220401141645,,F,121645.00,A,4033.46690,N,02301.32962,E,0.015,0
265,imei:864895033864933,tracker,220401141733,,F,121733.00,A,4033.46673,N,02301.33129,E,0.029,0
266,imei:864895033864933,tracker,220401141748,,F,121748.00,A,4033.46550,N,02301.33075,E,0.096,0
267,imei:864895033864933,tracker,220401141803,,F,121803.00,A,4033.46518,N,02301.33057,E,0.051,0
268,imei:864895033864933,tracker,220401141818,,F,121818.00,A,4033.46524,N,02301.33036,E,0.013,0
270,imei:864895033864933,tracker,220401141833,,F,121833.00,A,4033.46522,N,02301.33021,E,0.069,0
271,imei:864895033864933,tracker,220401141848,,F,121848.00,A,4033.46858,N,02301.33300,E,5.807,28.42
272,imei:864895033864933,tracker,220401141903,,F,121903.00,A,4033.48208,N,02301.31818,E,7.689,211.95
273,imei:864895033864933,tracker,220401141918,,F,121918.00,A,4033.45311,N,02301.30258,E,6.883,252.91
274,imei:864895033864933,tracker,220401141933,,F,121933.00,A,4033.46776,N,02301.24166,E,4.019,302.29
275,imei:864895033864933,tracker,220401141948,,F,121948.00,A,4033.46824,N,02301.23998,E,0.047,0
276,imei:864895033864933,tracker,220401142222,,F,122222.00,A,4033.46880,N,02301.24151,E,0.018,0
277,imei:864895033864933,tracker,220401142237,,F,122237.00,A,4033.46889,N,02301.24121,E,0.029,0
278,imei:864895033864933,tracker,220401142252,,F,122252.00,A,4033.46881,N,02301.24120,E,0.030,0
279,imei:864895033864933,tracker,220401142307,,F,122307.00,A,4033.46880,N,02301.24122,E,0.031,0
280,imei:864895033864933,tracker,220401142343,,F,122343.00,A,4033.38948,N,02301.17244,E,35.885,204.62
281,imei:864895033864933,tracker,220401142415,,F,122415.00,A,4033.20114,N,02301.00356,E,23.872,314.54
283,imei:864895033864933,tracker,220401142430,,F,122430.00,A,4033.27285,N,02300.90884,E,25.512,315.20
284,imei:864895033864933,tracker,220401142445,,F,122445.00,A,4033.36281,N,02300.79430,E,29.914,315.51
285,imei:864895033864933,tracker,220401142500,,F,122500.00,A,4033.44880,N,02300.68274,E,27.125,314.00
286,imei:864895033864933,tracker,220401142515,,F,122515.00,A,4033.49206,N,02300.61455,E,18.270,306.36
287,imei:864895033864933,tracker,220401142530,,F,122530.00,A,4033.56063,N,02300.48549,E,33.753,305.03
288,imei:864895033864933,tracker,220401142545,,F,122545.00,A,4033.64153,N,02300.33440,E,30.621,305.16
289,imei:864895033864933,tracker,220401142643,,F,122643.00,A,4033.87142,N,02300.05441,E,1.987,312.72
290,imei:864895033864933,tracker,220401142658,,F,122658.00,A,4033.87400,N,02300.05206,E,5.507,313.18
291,imei:864895033864933,tracker,220401142713,,F,122713.00,A,4033.89566,N,02300.01534,E,8.232,302.47
292,imei:864895033864933,tracker,220401142728,,F,122728.00,A,4033.90152,N,02300.00348,E,0.035,0
293,imei:864895033864933,tracker,220401142743,,F,122743.00,A,4033.90974,N,02259.98599,E,14.823,302.01
294,imei:864895033864933,tracker,220401142758,,F,122758.00,A,4033.94387,N,02259.91444,E,11.665,304.04
296,imei:864895033864933,tracker,220401142813,,F,122813.00,A,4033.96852,N,02259.87529,E,6.604,316.45
297,imei:864895033864933,tracker,220401142828,,F,122828.00,A,4034.00362,N,02259.83966,E,19.162,323.62
298,imei:864895033864933,tracker,220401142843,,F,122843.00,A,4034.08198,N,02259.76558,E,31.516,324.13
299,imei:864895033864933,tracker,220401142858,,F,122858.00,A,4034.20459,N,02259.64905,E,36.757,323.88
300,imei:864895033864933,tracker,220401142952,,F,122952.00,A,4034.41687,N,02259.45349,E,6.353,328.10
301,imei:864895033864933,tracker,220401143007,,F,123007.00,A,4034.47513,N,02259.39823,E,18.944,320.79
302,imei:864895033864933,tracker,220401143022,,F,123022.00,A,4034.50276,N,02259.36891,E,15.733,322.58
303,imei:864895033864933,tracker,220401143037,,F,123037.00,A,4034.56950,N,02259.30081,E,20.750,321.37
304,imei:864895033864933,tracker,220401143052,,F,123052.00,A,4034.65918,N,02259.21190,E,29.702,326.23
305,imei:864895033864933,tracker,220401143107,,F,123107.00,A,4034.76633,N,02259.10392,E,35.259,330.49
306,imei:864895033864933,tracker,220401143122,,F,123122.00,A,4034.88944,N,02259.02096,E,30.760,333.54
307,imei:864895033864933,tracker,220401143137,,F,123137.00,A,4034.99686,N,02258.96372,E,27.872,345.55
309,imei:864895033864933,tracker,220401143153,,F,123153.00,A,4035.07774,N,02258.91935,E,10.342,306.98
310,imei:864895033864933,tracker,220401143250,,F,123250.00,A,4034.98029,N,02258.69521,E,0.106,0
311,imei:864895033864933,tracker,220401143305,,F,123305.00,A,4034.98178,N,02258.69521,E,0.089,0
312,imei:864895033864933,tracker,220401143320,,F,123320.00,A,4034.98177,N,02258.69500,E,0.312,0
313,imei:864895033864933,tracker,220401143335,,F,123335.00,A,4034.98272,N,02258.69493,E,0.100,0
314,imei:864895033864933,tracker,220401143350,,F,123350.00,A,4034.99571,N,02258.67838,E,6.211,314.15
315,imei:864895033864933,tracker,220401143405,,F,123405.00,A,4034.99857,N,02258.67419,E,0.195,0
316,imei:864895033864933,tracker,220401143420,,F,123420.00,A,4035.02166,N,02258.64506,E,10.818,320.19
317,imei:864895033864933,tracker,220401143435,,F,123435.00,A,4035.06611,N,02258.58927,E,13.220,317.98
318,imei:864895033864933,tracker,220401143450,,F,123450.00,A,4035.07428,N,02258.57945,E,0.028,0
319,imei:864895033864933,tracker,220401143505,,F,123505.00,A,4035.07433,N,02258.57892,E,0.050,0
320,imei:864895033864933,tracker,220401143600,,F,123600.00,A,4035.27723,N,02258.35552,E,23.768,312.18
322,imei:864895033864933,tracker,220401143615,,F,123615.00,A,4035.29900,N,02258.29678,E,0.059,0
323,imei:864895033864933,tracker,220401143630,,F,123630.00,A,4035.29947,N,02258.29599,E,0.026,0
324,imei:864895033864933,tracker,220401143645,,F,123645.00,A,4035.30295,N,02258.28644,E,1.296,304.52
325,imei:864895033864933,tracker,220401143700,,F,123700.00,A,4035.41146,N,02258.30414,E,32.402,8.59
326,imei:864895033864933,tracker,220401143715,,F,123715.00,A,4035.53464,N,02258.32820,E,30.120,8.36
327,imei:864895033864933,tracker,220401143730,,F,123730.00,A,4035.65135,N,02258.31369,E,27.944,333.26
328,imei:864895033864933,tracker,220401143745,,F,123745.00,A,4035.75365,N,02258.29430,E,23.360,16.21
329,imei:864895033864933,tracker,220401143800,,F,123800.00,A,4035.81605,N,02258.28926,E,6.269,346.70
330,imei:864895033864933,tracker,220401143857,,F,123857.00,A,4035.92599,N,02258.24883,E,17.281,343.24
331,imei:864895033864933,tracker,220401143912,,F,123912.00,A,4035.98151,N,02258.22652,E,14.609,342.14
332,imei:864895033864933,tracker,220401143927,,F,123927.00,A,4036.00722,N,02258.21677,E,0.125,0
333,imei:864895033864933,tracker,220401143942,,F,123942.00,A,4036.04732,N,02258.19823,E,14.521,338.22
335,imei:864895033864933,tracker,220401143957,,F,123957.00,A,4036.04306,N,02258.13633,E,16.968,250.83
336,imei:864895033864933,tracker,220401144012,,F,124012.00,A,4036.03603,N,02258.10120,E,7.656,225.51
337,imei:864895033864933,tracker,220401144027,,F,124027.00,A,4036.01856,N,02258.03150,E,15.370,247.86
338,imei:864895033864933,tracker,220401144042,,F,124042.00,A,4036.01515,N,02257.97366,E,13.393,307.45
339,imei:864895033864933,tracker,220401144057,,F,124057.00,A,4036.00702,N,02257.90690,E,13.713,256.87
340,imei:864895033864933,acc on,220404133652,,F,113652.00,A,4035.08649,N,02258.56739,E,0.082,0
341,imei:864895033864933,tracker,220401144112,,F,124112.00,A,4035.98590,N,02257.81596,E,16.396,255.68
342,imei:864895033864933,tracker,220401144207,,F,124207.00,A,4035.93870,N,02257.62470,E,0.055,0
343,imei:864895033864933,tracker,220401144222,,F,124222.00,A,4035.93837,N,02257.62485,E,0.050,0
344,imei:864895033864933,tracker,220404133705,,F,113705.00,A,4035.08653,N,02258.56743,E,0.066,0
345,imei:864895033864933,tracker,220401144237,,F,124237.00,A,4035.93780,N,02257.62326,E,0.064,0
346,imei:864895033864933,tracker,220401144252,,F,124252.00,A,4035.93719,N,02257.62275,E,0.070,0
347,imei:864895033864933,tracker,220404133712,,F,113712.00,A,4035.08644,N,02258.56718,E,3.128,274.44
348,imei:864895033864933,tracker,220401144307,,F,124307.00,A,4035.94311,N,02257.59375,E,12.137,342.54
349,imei:864895033864933,tracker,220404133720,,F,113720.00,A,4035.10037,N,02258.54933,E,4.270,331.44
350,imei:864895033864933,tracker,220401144322,,F,124322.00,A,4035.97143,N,02257.58517,E,0.395,0
352,imei:864895033864933,tracker,220401144337,,F,124337.00,A,4035.97071,N,02257.58367,E,0.036,0
353,imei:864895033864933,tracker,220401144352,,F,124352.00,A,4035.98894,N,02257.57858,E,6.330,351.57
354,imei:864895033864933,tracker,220404133735,,F,113735.00,A,4035.14803,N,02258.50157,E,23.223,323.28
355,imei:864895033864933,tracker,220401144407,,F,124407.00,A,4035.99068,N,02257.57706,E,0.104,0
356,imei:864895033864933,tracker,220404090040,,F,070040.00,A,4035.99328,N,02257.57541,E,0.070,0
357,imei:864895033864933,tracker,220404090055,,F,070055.00,A,4035.99188,N,02257.57458,E,0.137,0
358,imei:864895033864933,tracker,220404133750,,F,113750.00,A,4035.23901,N,02258.40097,E,32.912,318.80
359,imei:864895033864933,tracker,220404090149,,F,070149.00,A,4035.98929,N,02257.57543,E,0.183,0
360,imei:864895033864933,tracker,220404090204,,F,070204.00,A,4035.99126,N,02257.57850,E,0.095,0
361,imei:864895033864933,tracker,220404090219,,F,070219.00,A,4036.01764,N,02257.58093,E,10.970,27.55
362,imei:864895033864933,tracker,220404133805,,F,113805.00,A,4035.29878,N,02258.30052,E,8.603,283.19
363,imei:864895033864933,tracker,220404090234,,F,070234.00,A,4036.06336,N,02257.61987,E,11.744,61.29
364,imei:864895033864933,tracker,220404133811,,F,113811.00,A,4035.30499,N,02258.28789,E,10.564,330.03
365,imei:864895033864933,tracker,220404090249,,F,070249.00,A,4036.07461,N,02257.66974,E,0.536,0
366,imei:864895033864933,tracker,220404133814,,F,113814.00,A,4035.31988,N,02258.28714,E,24.141,6.70
367,imei:864895033864933,tracker,220404090304,,F,070304.00,A,4036.07550,N,02257.67159,E,0.096,0
368,imei:864895033864933,tracker,220404133820,,F,113820.00,A,4035.36868,N,02258.29710,E,35.513,8.86
369,imei:864895033864933,tracker,220404090319,,F,070319.00,A,4036.07570,N,02257.67384,E,1.088,75.09
371,imei:864895033864933,tracker,220404090334,,F,070334.00,A,4036.09389,N,02257.74222,E,16.421,72.16
372,imei:864895033864933,tracker,220404090349,,F,070349.00,A,4036.11306,N,02257.81875,E,2.738,72.32
373,imei:864895033864933,tracker,220404133835,,F,113835.00,A,4035.48424,N,02258.31939,E,18.521,7.75
374,imei:864895033864933,tracker,220404090447,,F,070447.00,A,4036.04212,N,02257.85975,E,14.021,175.09
375,imei:864895033864933,tracker,220404090502,,F,070502.00,A,4036.01556,N,02257.86309,E,0.031,0
376,imei:864895033864933,tracker,220404090517,,F,070517.00,A,4035.99048,N,02257.86427,E,7.944,175.06
377,imei:864895033864933,tracker,220404133850,,F,113850.00,A,4035.56632,N,02258.33454,E,20.552,7.95
378,imei:864895033864933,tracker,220404090532,,F,070532.00,A,4035.97298,N,02257.86760,E,7.390,171.51
379,imei:864895033864933,tracker,220404133852,,F,113852.00,A,4035.57660,N,02258.33553,E,18.516,359.23
380,imei:864895033864933,tracker,220404090547,,F,070547.00,A,4035.93842,N,02257.87211,E,5.563,165.35
381,imei:864895033864933,tracker,220404090602,,F,070602.00,A,4035.93125,N,02257.87182,E,0.081,0
382,imei:864895033864933,tracker,220404133905,,F,113905.00,A,4035.64161,N,02258.32014,E,14.094,331.53
383,imei:864895033864933,tracker,220404090617,,F,070617.00,A,4035.92815,N,02257.87147,E,0.083,0
384,imei:864895033864933,tracker,220404090632,,F,070632.00,A,4035.90625,N,02257.87357,E,15.027,175.74
385,imei:864895033864933,tracker,220404090647,,F,070647.00,A,4035.85908,N,02257.87642,E,0.061,0
386,imei:864895033864933,tracker,220404133919,,F,113919.00,A,4035.73841,N,02258.29082,E,24.815,8.72
387,imei:864895033864933,tracker,220404133920,,F,113920.00,A,4035.74534,N,02258.29277,E,25.504,13.85
388,imei:864895033864933,tracker,220404090702,,F,070702.00,A,4035.85853,N,02257.87584,E,0.128,0
390,imei:864895033864933,tracker,220404133926,,F,113926.00,A,4035.77732,N,02258.30017,E,16.064,359.87
391,imei:864895033864933,tracker,220404090756,,F,070756.00,A,4035.59586,N,02257.92038,E,55.918,169.11
392,imei:864895033864933,tracker,220404090811,,F,070811.00,A,4035.36991,N,02258.07721,E,65.418,137.51
393,imei:864895033864933,tracker,220404133935,,F,113935.00,A,4035.80691,N,02258.29341,E,4.988,348.29
394,imei:864895033864933,tracker,220404090826,,F,070826.00,A,4035.16788,N,02258.32196,E,66.193,137.59
395,imei:864895033864933,tracker,220404090841,,F,070841.00,A,4034.95933,N,02258.55827,E,66.145,141.60
396,imei:864895033864933,tracker,220404090856,,F,070856.00,A,4034.73401,N,02258.76529,E,66.159,147.86
397,imei:864895033864933,tracker,220404133950,,F,113950.00,A,4035.80793,N,02258.29314,E,0.120,0
398,imei:864895033864933,tracker,220404090911,,F,070911.00,A,4034.49946,N,02258.93729,E,60.688,153.36
399,imei:864895033864933,tracker,220404090926,,F,070926.00,A,4034.28631,N,02259.07787,E,56.935,153.15
400,imei:864895033864933,tracker,220404090941,,F,070941.00,A,4034.05679,N,02259.22954,E,65.199,153.02
401,imei:864895033864933,tracker,220404134005,,F,114005.00,A,4035.83292,N,02258.28619,E,13.993,346.75
402,imei:864895033864933,tracker,220404090956,,F,070956.00,A,4033.81356,N,02259.40062,E,66.151,148.96
403,imei:864895033864933,tracker,220404091054,,F,071054.00,A,4032.95506,N,02300.12103,E,49.488,151.61
404,imei:864895033864933,tracker,220404091109,,F,071109.00,A,4032.83387,N,02300.19823,E,12.543,174.26
405,imei:864895033864933,tracker,220404134020,,F,114020.00,A,4035.87341,N,02258.27145,E,1.533,340.34
406,imei:864895033864933,tracker,220404091124,,F,071124.00,A,4032.77057,N,02300.22175,E,28.322,154.84
408,imei:864895033864933,tracker,220404091139,,F,071139.00,A,4032.64713,N,02300.29971,E,27.934,153.96
409,imei:864895033864933,tracker,220404091154,,F,071154.00,A,4032.66887,N,02300.38548,E,27.542,39.70
410,imei:864895033864933,tracker,220404134035,,F,114035.00,A,4035.88208,N,02258.26853,E,8.709,343.59
411,imei:864895033864933,tracker,220404091209,,F,071209.00,A,4032.75251,N,02300.47835,E,24.415,39.83
412,imei:864895033864933,tracker,220404091224,,F,071224.00,A,4032.82507,N,02300.55820,E,21.784,39.87
413,imei:864895033864933,tracker,220404091239,,F,071239.00,A,4032.89619,N,02300.63745,E,21.271,40.62
414,imei:864895033864933,tracker,220404134050,,F,114050.00,A,4035.89599,N,02258.26241,E,4.425,342.88
415,imei:864895033864933,tracker,220404091254,,F,071254.00,A,4032.93026,N,02300.67954,E,11.573,55.29
416,imei:864895033864933,tracker,220404091309,,F,071309.00,A,4032.98712,N,02300.73688,E,20.764,40.16
417,imei:864895033864933,tracker,220404091403,,F,071403.00,A,4033.18051,N,02301.05540,E,15.393,42.22
418,imei:864895033864933,tracker,220404134105,,F,114105.00,A,4035.90113,N,02258.26039,E,0.275,0
419,imei:864895033864933,tracker,220404091418,,F,071418.00,A,4033.24091,N,02301.11790,E,21.109,15.91
420,imei:864895033864933,tracker,220404091433,,F,071433.00,A,4033.33947,N,02301.15427,E,25.276,17.58
421,imei:864895033864933,tracker,220404091448,,F,071448.00,A,4033.45026,N,02301.21996,E,23.531,27.73
422,imei:864895033864933,tracker,220404134120,,F,114120.00,A,4035.92811,N,02258.25143,E,2.062,345.39
423,imei:864895033864933,tracker,220404091503,,F,071503.00,A,4033.45008,N,02301.30332,E,8.518,77.19
425,imei:864895033864933,tracker,220404091518,,F,071518.00,A,4033.45924,N,02301.33026,E,5.307,18.92
426,imei:864895033864933,tracker,220404091533,,F,071533.00,A,4033.45754,N,02301.32781,E,0.183,0
427,imei:864895033864933,tracker,220404134135,,F,114135.00,A,4035.96213,N,02258.23848,E,13.383,341.79
428,imei:864895033864933,tracker,220404091548,,F,071548.00,A,4033.45792,N,02301.32727,E,0.045,0
429,imei:864895033864933,tracker,220404134150,,F,114150.00,A,4036.01183,N,02258.21631,E,0.067,0
430,imei:864895033864933,tracker,220404134205,,F,114205.00,A,4036.01634,N,02258.21402,E,0.218,0
431,imei:864895033864933,tracker,220404134220,,F,114220.00,A,4036.01791,N,02258.21367,E,0.027,0
433,imei:864895033864933,tracker,220404134235,,F,114235.00,A,4036.02812,N,02258.20966,E,10.532,341.02
434,imei:864895033864933,tracker,220404134248,,F,114248.00,A,4036.05473,N,02258.19508,E,3.551,304.82
435,imei:864895033864933,tracker,220404134250,,F,114250.00,A,4036.05464,N,02258.18923,E,11.249,258.93
436,imei:864895033864933,tracker,220404134250,,F,114250.00,A,4036.05464,N,02258.18923,E,11.249,258.93
437,imei:864895033864933,tracker,220404134305,,F,114305.00,A,4036.03545,N,02258.11379,E,9.491,250.44
438,imei:864895033864933,tracker,220404134312,,F,114312.00,A,4036.03532,N,02258.10536,E,2.704,231.02
439,imei:864895033864933,tracker,220404134315,,F,114315.00,A,4036.03335,N,02258.10115,E,6.002,233.84
440,imei:864895033864933,tracker,220404134320,,F,114320.00,A,4036.02775,N,02258.08520,E,11.000,245.54
442,imei:864895033864933,tracker,220404134335,,F,114335.00,A,4035.99453,N,02258.02441,E,13.064,237.53
443,imei:864895033864933,tracker,220404134346,,F,114346.00,A,4035.98461,N,02257.99573,E,7.025,252.72
444,imei:864895033864933,tracker,220404134350,,F,114350.00,A,4035.99581,N,02257.97800,E,13.190,296.57
445,imei:864895033864933,tracker,220404134353,,F,114353.00,A,4036.00025,N,02257.96479,E,11.593,274.38
446,imei:864895033864933,tracker,220404134405,,F,114405.00,A,4035.99453,N,02257.93652,E,2.179,245.33
447,imei:864895033864933,tracker,220404134420,,F,114420.00,A,4035.98997,N,02257.91933,E,8.439,239.73
449,imei:864895033864933,tracker,220404134435,,F,114435.00,A,4035.98953,N,02257.89249,E,0.028,0
450,imei:864895033864933,tracker,220404134450,,F,114450.00,A,4035.99155,N,02257.89051,E,0.079,0
451,imei:864895033864933,tracker,220404134505,,F,114505.00,A,4035.99174,N,02257.88933,E,0.042,0
452,imei:864895033864933,tracker,220404134520,,F,114520.00,A,4035.99186,N,02257.88840,E,0.127,0
454,imei:864895033864933,tracker,220404134535,,F,114535.00,A,4035.99197,N,02257.88766,E,0.054,0
455,imei:864895033864933,tracker,220404134550,,F,114550.00,A,4035.99264,N,02257.88636,E,0.686,0
456,imei:864895033864933,tracker,220404134605,,F,114605.00,A,4035.98370,N,02257.84176,E,8.483,252.64
457,imei:864895033864933,tracker,220404134620,,F,114620.00,A,4035.97482,N,02257.80146,E,3.922,259.89
458,imei:864895033864933,tracker,220404134621,,F,114621.00,A,4035.97654,N,02257.79962,E,8.880,319.62
460,imei:864895033864933,tracker,220404134635,,F,114635.00,A,4036.04676,N,02257.76740,E,13.928,341.02
461,imei:864895033864933,tracker,220404134650,,F,114650.00,A,4036.09005,N,02257.74688,E,0.075,0
462,imei:864895033864933,tracker,220404134652,,F,114652.00,A,4036.09178,N,02257.74651,E,2.737,5.60
463,imei:864895033864933,tracker,220404134654,,F,114654.00,A,4036.09506,N,02257.74900,E,8.293,46.64
464,imei:864895033864933,tracker,220404134705,,F,114705.00,A,4036.10814,N,02257.78324,E,11.595,68.28
465,imei:864895033864933,tracker,220404134712,,F,114712.00,A,4036.11137,N,02257.80214,E,4.802,110.10
466,imei:864895033864933,tracker,220404134715,,F,114715.00,A,4036.11159,N,02257.80509,E,3.192,87.10
467,imei:864895033864933,tracker,220404134720,,F,114720.00,A,4036.11482,N,02257.80964,E,0.038,0
468,imei:864895033864933,acc off,220404134721,,F,114721.00,A,4036.11530,N,02257.80952,E,0.089,0
473,imei:864895033864933,acc on,220404135041,,F,115041.00,A,4036.12470,N,02257.80890,E,0.095,0
474,imei:864895033864933,tracker,220404135054,,F,115054.00,A,4036.12474,N,02257.81206,E,0.887,0
475,imei:864895033864933,tracker,220404135109,,F,115109.00,A,4036.12509,N,02257.81324,E,0.015,0
477,imei:864895033864933,tracker,220404135124,,F,115124.00,A,4036.12159,N,02257.81338,E,0.403,0
478,imei:864895033864933,tracker,220404135139,,F,115139.00,A,4036.12203,N,02257.81399,E,0.049,0
479,imei:864895033864933,tracker,220404135154,,F,115154.00,A,4036.12706,N,02257.83032,E,1.294,0
480,imei:864895033864933,tracker,220404135209,,F,115209.00,A,4036.12557,N,02257.83054,E,0.010,0
482,imei:864895033864933,tracker,220404135224,,F,115224.00,A,4036.12375,N,02257.83128,E,0.006,0
483,imei:864895033864933,tracker,220404135239,,F,115239.00,A,4036.12184,N,02257.83110,E,0.051,0
484,imei:864895033864933,tracker,220404135254,,F,115254.00,A,4036.12099,N,02257.83128,E,0.188,0
485,imei:864895033864933,tracker,220404135309,,F,115309.00,A,4036.12071,N,02257.83191,E,1.892,69.81
486,imei:864895033864933,tracker,220404135314,,F,115314.00,A,4036.12252,N,02257.84444,E,8.532,98.23
487,imei:864895033864933,tracker,220404135316,,F,115316.00,A,4036.11906,N,02257.84898,E,9.783,144.50
489,imei:864895033864933,tracker,220404135324,,F,115324.00,A,4036.09973,N,02257.85295,E,1.983,175.20
490,imei:864895033864933,tracker,220404135339,,F,115339.00,A,4036.09710,N,02257.85388,E,0.092,0
491,imei:864895033864933,tracker,220404135354,,F,115354.00,A,4036.08929,N,02257.85557,E,8.552,176.46
492,imei:864895033864933,tracker,220404135409,,F,115409.00,A,4036.04318,N,02257.85871,E,9.660,175.83
494,imei:864895033864933,tracker,220404135424,,F,115424.00,A,4036.03974,N,02257.85785,E,0.138,0
495,imei:864895033864933,tracker,220404135439,,F,115439.00,A,4036.04060,N,02257.85609,E,0.039,0
496,imei:864895033864933,tracker,220404135454,,F,115454.00,A,4036.04273,N,02257.85637,E,0.047,0
497,imei:864895033864933,tracker,220404135509,,F,115509.00,A,4036.04224,N,02257.85577,E,0.603,0
499,imei:864895033864933,tracker,220404135524,,F,115524.00,A,4035.99578,N,02257.86154,E,10.261,180.19
500,imei:864895033864933,tracker,220404135539,,F,115539.00,A,4035.97631,N,02257.80808,E,15.375,255.54
501,imei:864895033864933,tracker,220404135554,,F,115554.00,A,4035.95222,N,02257.69420,E,20.790,254.79
502,imei:864895033864933,tracker,220404135609,,F,115609.00,A,4035.93995,N,02257.62175,E,4.273,277.03
504,imei:864895033864933,tracker,220404135624,,F,115624.00,A,4035.93773,N,02257.61925,E,2.697,258.97
505,imei:864895033864933,tracker,220404135630,,F,115630.00,A,4035.93852,N,02257.60509,E,7.290,296.80
506,imei:864895033864933,tracker,220404135639,,F,115639.00,A,4035.96008,N,02257.59594,E,6.055,345.14
507,imei:864895033864933,acc off,220404135649,,F,115649.00,A,4035.96331,N,02257.59531,E,0.019,0
508,imei:864895033864933,tracker,220404135654,,F,115654.00,A,4035.96351,N,02257.59365,E,0.064,0
509,imei:864895033864933,acc on,220404135659,,F,115659.00,A,4035.96358,N,02257.59234,E,0.018,0
510,imei:864895033864933,acc off,220404135704,,F,115704.00,A,4035.96355,N,02257.59135,E,0.020,0
511,imei:864895033864933,tracker,220404135712,,F,115712.00,A,4035.96368,N,02257.59023,E,0.044,0
522,imei:864895033864933,tracker,220404140712,,F,120712.00,A,4035.96503,N,02257.58823,E,,
533,imei:864895033864933,tracker,220404141712,,F,121712.00,A,4035.96503,N,02257.58823,E,,
544,imei:864895033864933,tracker,220404142712,,F,122712.00,A,4035.96503,N,02257.58823,E,,
555,imei:864895033864933,tracker,220404143712,,F,123712.00,A,4035.96503,N,02257.58823,E,,
566,imei:864895033864933,tracker,220404144712,,F,124712.00,A,4035.96503,N,02257.58823,E,,
577,imei:864895033864933,tracker,220404145712,,F,125712.00,A,4035.96503,N,02257.58823,E,,
588,imei:864895033864933,tracker,220404150712,,F,130712.00,A,4035.96503,N,02257.58823,E,,
599,imei:864895033864933,tracker,220404151712,,F,131712.00,A,4035.96503,N,02257.58823,E,,
610,imei:864895033864933,tracker,220404152712,,F,132712.00,A,4035.96503,N,02257.58823,E,,
621,imei:864895033864933,tracker,220404153712,,F,133712.00,A,4035.96503,N,02257.58823,E,,
632,imei:864895033864933,tracker,220404154712,,F,134712.00,A,4035.96503,N,02257.58823,E,,
643,imei:864895033864933,tracker,220404155712,,F,135712.00,A,4035.96503,N,02257.58823,E,,
654,imei:864895033864933,tracker,220404160712,,F,140712.00,A,4035.96503,N,02257.58823,E,,
665,imei:864895033864933,tracker,220404161712,,F,141712.00,A,4035.96503,N,02257.58823,E,,
676,imei:864895033864933,tracker,220404162712,,F,142712.00,A,4035.96503,N,02257.58823,E,,
687,imei:864895033864933,tracker,220404163712,,F,143712.00,A,4035.96503,N,02257.58823,E,,
698,imei:864895033864933,tracker,220404164712,,F,144712.00,A,4035.96503,N,02257.58823,E,,
709,imei:864895033864933,tracker,220404165712,,F,145712.00,A,4035.96503,N,02257.58823,E,,
721,imei:864895033864933,tracker,220405203107,,F,183107.00,A,4035.97117,N,02257.59381,E,,
732,imei:864895033864933,tracker,220405204107,,F,184107.00,A,4035.97117,N,02257.59381,E,,
743,imei:864895033864933,tracker,220405205107,,F,185107.00,A,4035.97117,N,02257.59381,E,,
754,imei:864895033864933,tracker,220405210107,,F,190107.00,A,4035.97117,N,02257.59381,E,,
765,imei:864895033864933,tracker,220405211107,,F,191107.00,A,4035.97117,N,02257.59381,E,,
776,imei:864895033864933,tracker,220405212107,,F,192107.00,A,4035.97117,N,02257.59381,E,,
787,imei:864895033864933,tracker,220405213107,,F,193107.00,A,4035.96567,N,02257.59260,E,0.040,0
798,imei:864895033864933,tracker,220405214107,,F,194107.00,A,4035.96397,N,02257.59268,E,0.017,0
809,imei:864895033864933,tracker,220405215107,,F,195107.00,A,4035.96173,N,02257.59140,E,,
820,imei:864895033864933,tracker,220405220107,,F,200107.00,A,4035.96559,N,02257.59912,E,,
831,imei:864895033864933,tracker,220405221107,,F,201107.00,A,4035.96842,N,02257.58640,E,0.013,0
842,imei:864895033864933,tracker,220405222107,,F,202107.00,A,4035.96863,N,02257.58942,E,,
853,imei:864895033864933,tracker,220405223107,,F,203107.00,A,4035.96863,N,02257.58942,E,,
864,imei:864895033864933,tracker,220405224107,,F,204107.00,A,4035.96863,N,02257.58942,E,,
875,imei:864895033864933,tracker,220405225107,,F,205107.00,A,4035.96863,N,02257.58942,E,,
886,imei:864895033864933,tracker,220405230107,,F,210107.00,A,4035.96863,N,02257.58942,E,,
897,imei:864895033864933,tracker,220405231107,,F,211107.00,A,4035.96536,N,02257.59103,E,,
908,imei:864895033864933,tracker,220405232107,,F,212107.00,A,4035.96306,N,02257.59436,E,,
919,imei:864895033864933,tracker,220405233107,,F,213107.00,A,4035.96306,N,02257.59436,E,,
930,imei:864895033864933,tracker,220405234107,,F,214107.00,A,4035.96306,N,02257.59436,E,,
941,imei:864895033864933,tracker,220405235107,,F,215107.00,A,4035.96306,N,02257.59436,E,,
952,imei:864895033864933,tracker,220406000107,,F,220107.00,A,4035.96306,N,02257.59436,E,,
963,imei:864895033864933,tracker,220406001108,,F,221108.00,A,4035.96306,N,02257.59436,E,,
974,imei:864895033864933,tracker,220406002108,,F,222108.00,A,4035.96208,N,02257.58917,E,,
985,imei:864895033864933,tracker,220406003108,,F,223108.00,A,4035.96227,N,02257.59264,E,,
996,imei:864895033864933,tracker,220406004107,,F,224107.00,A,4035.96227,N,02257.59264,E,,
1007,imei:864895033864933,tracker,220406005107,,F,225107.00,A,4035.96227,N,02257.59264,E,,
1018,imei:864895033864933,tracker,220406010107,,F,230107.00,A,4035.96227,N,02257.59264,E,,
1029,imei:864895033864933,tracker,220406011108,,F,231108.00,A,4035.96227,N,02257.59264,E,,
1040,imei:864895033864933,tracker,220406012107,,F,232107.00,A,4035.96227,N,02257.59264,E,,
1051,imei:864895033864933,tracker,220406013107,,F,233107.00,A,4035.96227,N,02257.59264,E,,
1062,imei:864895033864933,tracker,220406014107,,F,234107.00,A,4035.96227,N,02257.59264,E,,
1073,imei:864895033864933,tracker,220406015107,,F,235107.00,A,4035.96227,N,02257.59264,E,,
1084,imei:864895033864933,tracker,220406020107,,F,000107.00,A,4035.96227,N,02257.59264,E,,
1095,imei:864895033864933,tracker,220406021107,,F,001107.00,A,4035.96227,N,02257.59264,E,,
1106,imei:864895033864933,tracker,220406022108,,F,002108.00,A,4035.96227,N,02257.59264,E,,
1117,imei:864895033864933,tracker,220406023108,,F,003108.00,A,4035.96227,N,02257.59264,E,,
1128,imei:864895033864933,tracker,220406024108,,F,004108.00,A,4035.96227,N,02257.59264,E,,
1139,imei:864895033864933,tracker,220406025108,,F,005108.00,A,4035.96227,N,02257.59264,E,,
1150,imei:864895033864933,tracker,220406030108,,F,010108.00,A,4035.96227,N,02257.59264,E,,
1161,imei:864895033864933,tracker,220406031108,,F,011108.00,A,4035.96227,N,02257.59264,E,,
1172,imei:864895033864933,tracker,220406032108,,F,012108.00,A,4035.96227,N,02257.59264,E,,
1183,imei:864895033864933,tracker,220406033108,,F,013108.00,A,4035.96227,N,02257.59264,E,,
1194,imei:864895033864933,tracker,220406034108,,F,014108.00,A,4035.96227,N,02257.59264,E,,
1205,imei:864895033864933,tracker,220406035108,,F,015108.00,A,4035.96227,N,02257.59264,E,,
1216,imei:864895033864933,tracker,220406040108,,F,020108.00,A,4035.96227,N,02257.59264,E,,
1227,imei:864895033864933,tracker,220406041108,,F,021108.00,A,4035.96227,N,02257.59264,E,,
1229,imei:864895033864933,tracker,220406085431,,F,065431.00,A,4035.96280,N,02257.58949,E,0.021,0
1230,imei:864895033864933,tracker,220406085446,,F,065446.00,A,4035.96234,N,02257.59013,E,0.075,0
1231,imei:864895033864933,tracker,220406085501,,F,065501.00,A,4035.96216,N,02257.59123,E,0.013,0
1232,imei:864895033864933,tracker,220406085516,,F,065516.00,A,4035.96178,N,02257.59196,E,0.120,0
1233,imei:864895033864933,tracker,220406085531,,F,065531.00,A,4035.96208,N,02257.59249,E,0.115,0
1234,imei:864895033864933,tracker,220406085630,,F,065630.00,A,4036.00943,N,02257.57411,E,14.697,348.63
1235,imei:864895033864933,tracker,220406085645,,F,065645.00,A,4036.05237,N,02257.57392,E,12.293,67.94
1236,imei:864895033864933,tracker,220406085700,,F,065700.00,A,4036.07216,N,02257.64696,E,16.364,69.98
1237,imei:864895033864933,tracker,220406085715,,F,065715.00,A,4036.08769,N,02257.71180,E,3.894,72.36
1238,imei:864895033864933,tracker,220406085730,,F,065730.00,A,4036.08827,N,02257.71317,E,0.166,0
1239,imei:864895033864933,tracker,220406085745,,F,065745.00,A,4036.10539,N,02257.77551,E,16.258,65.63
1240,imei:864895033864933,tracker,220406085800,,F,065800.00,A,4036.08516,N,02257.82240,E,9.665,128.46
1241,imei:864895033864933,tracker,220406085815,,F,065815.00,A,4036.07749,N,02257.84003,E,0.131,0
1242,imei:864895033864933,tracker,220406085830,,F,065830.00,A,4036.07457,N,02257.84342,E,0.065,0
1243,imei:864895033864933,tracker,220406085845,,F,065845.00,A,4036.07466,N,02257.84627,E,0.023,0
1244,imei:864895033864933,tracker,220406085939,,F,065939.00,A,4036.04204,N,02257.86252,E,0.079,0
1245,imei:864895033864933,tracker,220406085954,,F,065954.00,A,4036.04250,N,02257.86245,E,0.012,0
1246,imei:864895033864933,tracker,220406090009,,F,070009.00,A,4036.00994,N,02257.86423,E,15.405,177.83
1247,imei:864895033864933,tracker,220406090024,,F,070024.00,A,4035.98393,N,02257.86366,E,0.032,0
1248,imei:864895033864933,tracker,220406090039,,F,070039.00,A,4035.98459,N,02257.86383,E,0.019,0
1249,imei:864895033864933,tracker,220406090054,,F,070054.00,A,4035.97105,N,02257.86513,E,9.266,176.04
1250,imei:864895033864933,tracker,220406090109,,F,070109.00,A,4035.93496,N,02257.86777,E,5.276,174.73
1251,imei:864895033864933,tracker,220406090124,,F,070124.00,A,4035.93073,N,02257.86892,E,0.066,0
1252,imei:864895033864933,tracker,220406090139,,F,070139.00,A,4035.93004,N,02257.87137,E,0.041,0
1253,imei:864895033864933,tracker,220406090237,,F,070237.00,A,4035.87626,N,02257.87549,E,0.050,0
1254,imei:864895033864933,tracker,220406090252,,F,070252.00,A,4035.87525,N,02257.87575,E,0.046,0
1255,imei:864895033864933,tracker,220406090307,,F,070307.00,A,4035.87481,N,02257.87590,E,0.142,0
1256,imei:864895033864933,tracker,220406090322,,F,070322.00,A,4035.79599,N,02257.88081,E,32.189,175.53
1257,imei:864895033864933,tracker,220406090337,,F,070337.00,A,4035.63763,N,02257.90943,E,40.627,170.35
1258,imei:864895033864933,tracker,220406090352,,F,070352.00,A,4035.45964,N,02257.98820,E,49.031,149.78
1259,imei:864895033864933,tracker,220406090407,,F,070407.00,A,4035.28699,N,02258.17758,E,59.539,137.23
1260,imei:864895033864933,tracker,220406090422,,F,070422.00,A,4035.09437,N,02258.40888,E,65.803,138.10
1261,imei:864895033864933,tracker,220406090437,,F,070437.00,A,4034.88270,N,02258.63408,E,69.345,141.01
1262,imei:864895033864933,tracker,220406090452,,F,070452.00,A,4034.65221,N,02258.82890,E,65.629,149.69
1263,imei:864895033864933,tracker,220406090546,,F,070546.00,A,4033.80714,N,02259.40392,E,63.013,148.89
1264,imei:864895033864933,tracker,220406090601,,F,070601.00,A,4033.59585,N,02259.58328,E,55.365,146.44
1265,imei:864895033864933,tracker,220406090616,,F,070616.00,A,4033.38577,N,02259.76623,E,70.704,146.37
1266,imei:864895033864933,tracker,220406090631,,F,070631.00,A,4033.14849,N,02259.96982,E,59.036,148.03
1267,imei:864895033864933,tracker,220406090646,,F,070646.00,A,4032.96574,N,02300.11222,E,50.728,150.74
1268,imei:864895033864933,tracker,220406090701,,F,070701.00,A,4032.82819,N,02300.19692,E,7.051,199.88
1269,imei:864895033864933,tracker,220406090716,,F,070716.00,A,4032.78101,N,02300.21545,E,26.804,155.16
1270,imei:864895033864933,tracker,220406090731,,F,070731.00,A,4032.68813,N,02300.27360,E,25.912,154.16
1271,imei:864895033864933,tracker,220406090746,,F,070746.00,A,4032.63421,N,02300.33802,E,19.079,66.47
1272,imei:864895033864933,tracker,220406090844,,F,070844.00,A,4032.93434,N,02300.68217,E,11.277,30.10
1273,imei:864895033864933,tracker,220406090859,,F,070859.00,A,4033.01991,N,02300.77159,E,31.680,40.11
1274,imei:864895033864933,tracker,220406090914,,F,070914.00,A,4033.10608,N,02300.90222,E,31.935,57.39
1275,imei:864895033864933,tracker,220406090929,,F,070929.00,A,4033.16363,N,02301.02313,E,8.256,67.22
1276,imei:864895033864933,tracker,220406090944,,F,070944.00,A,4033.19844,N,02301.08383,E,24.662,56.34
1277,imei:864895033864933,tracker,220406090959,,F,070959.00,A,4033.28614,N,02301.13417,E,22.716,16.55
1278,imei:864895033864933,tracker,220406091014,,F,071014.00,A,4033.41767,N,02301.19638,E,37.184,27.74
1279,imei:864895033864933,tracker,220406091029,,F,071029.00,A,4033.45211,N,02301.28580,E,19.271,108.15
1280,imei:864895033864933,tracker,220406091044,,F,071044.00,A,4033.45547,N,02301.32834,E,10.678,21.99
1281,imei:864895033864933,tracker,220406091059,,F,071059.00,A,4033.46897,N,02301.33072,E,0.012,0
1282,imei:864895033864933,tracker,220406120615,,F,100615.00,A,4033.46931,N,02301.32304,E,,
1283,imei:864895033864933,tracker,220406121615,,F,101615.00,A,4033.46931,N,02301.32304,E,,
1285,imei:864895033864933,tracker,220406122615,,F,102615.00,A,4033.46931,N,02301.32304,E,,
1286,imei:864895033864933,tracker,220406123615,,F,103615.00,A,4033.46931,N,02301.32304,E,,
1287,imei:864895033864933,tracker,220406124615,,F,104615.00,A,4033.46931,N,02301.32304,E,,
1288,imei:864895033864933,tracker,220406125615,,F,105615.00,A,4033.46931,N,02301.32304,E,,
1289,imei:864895033864933,tracker,220406130614,,F,110614.00,A,4033.46931,N,02301.32304,E,,
1290,imei:864895033864933,tracker,220406131615,,F,111615.00,A,4033.46931,N,02301.32304,E,,
1291,imei:864895033864933,tracker,220406132615,,F,112615.00,A,4033.46931,N,02301.32304,E,,
1292,imei:864895033864933,tracker,220406133615,,F,113615.00,A,4033.46931,N,02301.32304,E,,
1293,imei:864895033864933,tracker,220406134615,,F,114615.00,A,4033.47493,N,02301.32959,E,,
1294,imei:864895033864933,tracker,220406135615,,F,115615.00,A,4033.47044,N,02301.33308,E,,
1295,imei:864895033864933,acc on,220406140401,,F,120401.00,A,4033.46971,N,02301.33042,E,0.083,0
1296,imei:864895033864933,tracker,220406140414,,F,120414.00,A,4033.46977,N,02301.33162,E,0.054,0
1297,imei:864895033864933,tracker,220406140429,,F,120429.00,A,4033.46969,N,02301.33185,E,0.027,0
1298,imei:864895033864933,tracker,220406140444,,F,120444.00,A,4033.46963,N,02301.33216,E,0.110,0
1299,imei:864895033864933,tracker,220406140459,,F,120459.00,A,4033.46950,N,02301.33242,E,0.100,0
1300,imei:864895033864933,tracker,220406140514,,F,120514.00,A,4033.46970,N,02301.33294,E,0.013,0
1301,imei:864895033864933,tracker,220406140529,,F,120529.00,A,4033.47071,N,02301.33424,E,0.872,0
1302,imei:864895033864933,tracker,220406140531,,F,120531.00,A,4033.47157,N,02301.33529,E,3.307,39.52
1303,imei:864895033864933,tracker,220406140538,,F,120538.00,A,4033.48221,N,02301.33648,E,6.758,331.96
1304,imei:864895033864933,tracker,220406140540,,F,120540.00,A,4033.48445,N,02301.33164,E,8.317,301.32
1305,imei:864895033864933,tracker,220406140544,,F,120544.00,A,4033.48525,N,02301.32126,E,6.057,264.86
1306,imei:864895033864933,tracker,220406140545,,F,120545.00,A,4033.48391,N,02301.31978,E,6.068,232.69
1307,imei:864895033864933,tracker,220406140547,,F,120547.00,A,4033.48037,N,02301.31778,E,7.657,202.66
1308,imei:864895033864933,tracker,220406140559,,F,120559.00,A,4033.45544,N,02301.30720,E,5.432,200.75
1309,imei:864895033864933,tracker,220406140600,,F,120600.00,A,4033.45421,N,02301.30561,E,6.261,216.61
1310,imei:864895033864933,tracker,220406140602,,F,120602.00,A,4033.45383,N,02301.29926,E,10.827,270.69
1311,imei:864895033864933,tracker,220406140614,,F,120614.00,A,4033.46955,N,02301.23407,E,0.367,0
1312,imei:864895033864933,tracker,220406140619,,F,120619.00,A,4033.46945,N,02301.23271,E,4.180,269.32
1313,imei:864895033864933,tracker,220406140622,,F,120622.00,A,4033.46348,N,02301.22386,E,14.320,215.90
1314,imei:864895033864933,tracker,220406140629,,F,120629.00,A,4033.42023,N,02301.19265,E,29.280,208.31
1315,imei:864895033864933,tracker,220406140644,,F,120644.00,A,4033.29668,N,02301.13342,E,31.358,195.88
1316,imei:864895033864933,tracker,220406140659,,F,120659.00,A,4033.20236,N,02301.07743,E,13.550,233.31
1317,imei:864895033864933,tracker,220406140714,,F,120714.00,A,4033.19018,N,02301.05775,E,0.044,0
1318,imei:864895033864933,tracker,220406140728,,F,120728.00,A,4033.17999,N,02301.02824,E,14.494,236.93
1319,imei:864895033864933,tracker,220406140729,,F,120729.00,A,4033.17645,N,02301.02439,E,17.350,215.28
1320,imei:864895033864933,tracker,220406140744,,F,120744.00,A,4033.11128,N,02300.90290,E,29.078,237.37
1321,imei:864895033864933,tracker,220406140759,,F,120759.00,A,4033.03202,N,02300.77736,E,29.839,222.53
1322,imei:864895033864933,tracker,220406140814,,F,120814.00,A,4032.94976,N,02300.68615,E,11.241,221.02
1323,imei:864895033864933,tracker,220406140829,,F,120829.00,A,4032.91300,N,02300.64658,E,15.854,218.76
1324,imei:864895033864933,tracker,220406140844,,F,120844.00,A,4032.84126,N,02300.56756,E,28.954,219.66
1325,imei:864895033864933,tracker,220406140859,,F,120859.00,A,4032.74823,N,02300.46498,E,29.379,220.01
1326,imei:864895033864933,tracker,220406140914,,F,120914.00,A,4032.66106,N,02300.37061,E,15.495,219.53
1327,imei:864895033864933,tracker,220406140916,,F,120916.00,A,4032.65699,N,02300.36440,E,9.700,242.07
1328,imei:864895033864933,tracker,220406140918,,F,120918.00,A,4032.65818,N,02300.35849,E,9.252,293.82
1329,imei:864895033864933,tracker,220406140929,,F,120929.00,A,4032.71865,N,02300.31697,E,28.830,333.28
1330,imei:864895033864933,tracker,220406140944,,F,120944.00,A,4032.82872,N,02300.24272,E,29.168,332.24
1331,imei:864895033864933,tracker,220406140959,,F,120959.00,A,4032.87008,N,02300.20361,E,11.431,314.67
1332,imei:864895033864933,tracker,220406141014,,F,121014.00,A,4032.99707,N,02300.10892,E,46.628,329.93
1333,imei:864895033864933,tracker,220406141029,,F,121029.00,A,4033.16470,N,02259.97201,E,49.159,326.57
1334,imei:864895033864933,tracker,220406141044,,F,121044.00,A,4033.37014,N,02259.79167,E,63.142,326.61
1335,imei:864895033864933,tracker,220406141059,,F,121059.00,A,4033.58614,N,02259.60440,E,60.132,326.38
1336,imei:864895033864933,tracker,220406141114,,F,121114.00,A,4033.78554,N,02259.43335,E,56.426,328.25
1337,imei:864895033864933,tracker,220406141129,,F,121129.00,A,4033.98774,N,02259.28528,E,55.666,333.18
1338,imei:864895033864933,tracker,220406141144,,F,121144.00,A,4034.19445,N,02259.14854,E,55.470,333.07
1339,imei:864895033864933,tracker,220406141159,,F,121159.00,A,4034.39273,N,02259.01767,E,47.733,333.40
1340,imei:864895033864933,tracker,220406141214,,F,121214.00,A,4034.57555,N,02258.89605,E,52.173,332.09
1341,imei:864895033864933,tracker,220406141229,,F,121229.00,A,4034.76797,N,02258.74787,E,54.551,327.59
1342,imei:864895033864933,tracker,220406141244,,F,121244.00,A,4034.95763,N,02258.57250,E,55.417,322.15
1343,imei:864895033864933,tracker,220406141259,,F,121259.00,A,4035.13837,N,02258.37136,E,55.452,317.00
1344,imei:864895033864933,tracker,220406141314,,F,121314.00,A,4035.30098,N,02258.17016,E,51.513,317.03
1345,imei:864895033864933,tracker,220406141329,,F,121329.00,A,4035.46138,N,02257.99373,E,49.214,328.75
1346,imei:864895033864933,tracker,220406141344,,F,121344.00,A,4035.64724,N,02257.91445,E,44.380,350.13
1347,imei:864895033864933,tracker,220406141359,,F,121359.00,A,4035.77335,N,02257.88686,E,15.181,350.32
1348,imei:864895033864933,tracker,220406141414,,F,121414.00,A,4035.78724,N,02257.88461,E,0.018,0
1349,imei:864895033864933,tracker,220406141429,,F,121429.00,A,4035.78726,N,02257.88386,E,0.043,0
1350,imei:864895033864933,tracker,220406141444,,F,121444.00,A,4035.78708,N,02257.88384,E,0.061,0
1351,imei:864895033864933,tracker,220406141459,,F,121459.00,A,4035.81980,N,02257.88151,E,2.765,357.14
1352,imei:864895033864933,tracker,220406141514,,F,121514.00,A,4035.82027,N,02257.88192,E,0.021,0
1353,imei:864895033864933,tracker,220406141529,,F,121529.00,A,4035.82049,N,02257.88229,E,0.081,0
1354,imei:864895033864933,tracker,220406141544,,F,121544.00,A,4035.82036,N,02257.88226,E,0.104,0
1355,imei:864895033864933,tracker,220406141559,,F,121559.00,A,4035.82022,N,02257.88215,E,0.076,0
1356,imei:864895033864933,tracker,220406141614,,F,121614.00,A,4035.82027,N,02257.88222,E,0.509,1.52
1357,imei:864895033864933,tracker,220406141625,,F,121625.00,A,4035.83190,N,02257.87805,E,10.279,320.03
1358,imei:864895033864933,tracker,220406141629,,F,121629.00,A,4035.83747,N,02257.86289,E,12.309,302.12
1359,imei:864895033864933,tracker,220406141630,,F,121630.00,A,4035.84047,N,02257.85988,E,14.230,325.16
1360,imei:864895033864933,tracker,220406141644,,F,121644.00,A,4035.90470,N,02257.82878,E,17.494,338.23
1361,imei:864895033864933,tracker,220406141659,,F,121659.00,A,4035.93522,N,02257.81371,E,1.835,0
1362,imei:864895033864933,tracker,220406141714,,F,121714.00,A,4035.97220,N,02257.79507,E,6.224,301.05
1363,imei:864895033864933,tracker,220406141714,,F,121714.00,A,4035.97220,N,02257.79507,E,6.224,301.05
1364,imei:864895033864933,tracker,220406141729,,F,121729.00,A,4035.95663,N,02257.71192,E,21.257,254.38
1365,imei:864895033864933,tracker,220406141744,,F,121744.00,A,4035.94566,N,02257.65963,E,9.444,253.30
1366,imei:864895033864933,tracker,220406141759,,F,121759.00,A,4035.93710,N,02257.61137,E,0.169,0
1367,imei:864895033864933,tracker,220406141814,,F,121814.00,A,4035.93765,N,02257.61003,E,0.014,0
1368,imei:864895033864933,tracker,220406141829,,F,121829.00,A,4035.93897,N,02257.60867,E,0.058,0
1369,imei:864895033864933,tracker,220406141844,,F,121844.00,A,4035.93845,N,02257.60747,E,0.036,0
1370,imei:864895033864933,tracker,220406141859,,F,121859.00,A,4035.94015,N,02257.59730,E,5.814,321.21
1371,imei:864895033864933,tracker,220406141859,,F,121859.00,A,4035.94015,N,02257.59730,E,5.814,321.21
1372,imei:864895033864933,tracker,220406141914,,F,121914.00,A,4035.96521,N,02257.58791,E,0.717,0
1373,imei:864895033864933,tracker,220406141929,,F,121929.00,A,4035.96420,N,02257.58656,E,0.049,0
1374,imei:864895033864933,tracker,220406141944,,F,121944.00,A,4035.96398,N,02257.58586,E,0.031,0
1375,imei:864895033864933,tracker,220406141959,,F,121959.00,A,4035.98314,N,02257.58069,E,10.128,349.02
1376,imei:864895033864933,tracker,220406142014,,F,122014.00,A,4035.99166,N,02257.57649,E,0.028,0
1377,imei:864895033864933,tracker,220406142029,,F,122029.00,A,4035.99001,N,02257.57637,E,0.462,0
1378,imei:864895033864933,tracker,220406142044,,F,122044.00,A,4035.98947,N,02257.57589,E,0.128,0
1379,imei:864895033864933,acc off,220406142056,,F,122056.00,A,4035.98914,N,02257.57501,E,0.008,0
1380,imei:864895033864933,tracker,220406142059,,F,122059.00,A,4035.98918,N,02257.57503,E,0.020,0
1381,imei:864895033864933,tracker,220406143059,,F,123059.00,A,4035.98959,N,02257.57599,E,,
